run_accession	sample_accession	experiment_accession	study_accession	instrument_model	library_name	fastq_ftp	sample_alias
ERR791874	SAMEA3308173	ERX836022	PRJEB8754	Illumina MiSeq	TruSeq Amplicon	ftp.sra.ebi.ac.uk/vol1/fastq/ERR791/ERR791874/ERR791874_1.fastq.gz;ftp.sra.ebi.ac.uk/vol1/fastq/ERR791/ERR791874/ERR791874_2.fastq.gz	DLD1_Cellline_Frozen
ERR791875	SAMEA3308174	ERX836023	PRJEB8754	Illumina MiSeq	TruSeq Amplicon	ftp.sra.ebi.ac.uk/vol1/fastq/ERR791/ERR791875/ERR791875_1.fastq.gz;ftp.sra.ebi.ac.uk/vol1/fastq/ERR791/ERR791875/ERR791875_2.fastq.gz	HCT116_Cellline_Frozen
ERR791877	SAMEA3308176	ERX836025	PRJEB8754	Illumina MiSeq	TruSeq Amplicon	ftp.sra.ebi.ac.uk/vol1/fastq/ERR791/ERR791877/ERR791877_1.fastq.gz;ftp.sra.ebi.ac.uk/vol1/fastq/ERR791/ERR791877/ERR791877_2.fastq.gz	HUH7_Cellline_Frozen
ERR791880	SAMEA3308179	ERX836028	PRJEB8754	Illumina MiSeq	TruSeq Amplicon	ftp.sra.ebi.ac.uk/vol1/fastq/ERR791/ERR791880/ERR791880_1.fastq.gz;ftp.sra.ebi.ac.uk/vol1/fastq/ERR791/ERR791880/ERR791880_2.fastq.gz	HEK293T_Cellline_Frozen
ERR791883	SAMEA3308182	ERX836031	PRJEB8754	Illumina MiSeq	TruSeq Amplicon	ftp.sra.ebi.ac.uk/vol1/fastq/ERR791/ERR791883/ERR791883_1.fastq.gz;ftp.sra.ebi.ac.uk/vol1/fastq/ERR791/ERR791883/ERR791883_2.fastq.gz	Pat01_Meta_Frozen
ERR791886	SAMEA3308185	ERX836034	PRJEB8754	Illumina MiSeq	TruSeq Amplicon	ftp.sra.ebi.ac.uk/vol1/fastq/ERR791/ERR791886/ERR791886_1.fastq.gz;ftp.sra.ebi.ac.uk/vol1/fastq/ERR791/ERR791886/ERR791886_2.fastq.gz	Pat08_Meta_Frozen
ERR791891	SAMEA3308190	ERX836039	PRJEB8754	Illumina MiSeq	TruSeq Amplicon	ftp.sra.ebi.ac.uk/vol1/fastq/ERR791/ERR791891/ERR791891_1.fastq.gz;ftp.sra.ebi.ac.uk/vol1/fastq/ERR791/ERR791891/ERR791891_2.fastq.gz	Pat04_Meta_Frozen
ERR791897	SAMEA3308196	ERX836045	PRJEB8754	Illumina MiSeq	TruSeq Amplicon	ftp.sra.ebi.ac.uk/vol1/fastq/ERR791/ERR791897/ERR791897_1.fastq.gz;ftp.sra.ebi.ac.uk/vol1/fastq/ERR791/ERR791897/ERR791897_2.fastq.gz	Pat04_Prim_FFPE
ERR791899	SAMEA3308198	ERX836047	PRJEB8754	Illumina MiSeq	TruSeq Amplicon	ftp.sra.ebi.ac.uk/vol1/fastq/ERR791/ERR791899/ERR791899_1.fastq.gz;ftp.sra.ebi.ac.uk/vol1/fastq/ERR791/ERR791899/ERR791899_2.fastq.gz	Pat05_Prim_FFPE
ERR791905	SAMEA3308204	ERX836053	PRJEB8754	Illumina MiSeq	TruSeq Amplicon	ftp.sra.ebi.ac.uk/vol1/fastq/ERR791/ERR791905/ERR791905_1.fastq.gz;ftp.sra.ebi.ac.uk/vol1/fastq/ERR791/ERR791905/ERR791905_2.fastq.gz	Pat11_Meta_FFPE
ERR791910	SAMEA3308209	ERX836058	PRJEB8754	Illumina MiSeq	TruSeq Amplicon	ftp.sra.ebi.ac.uk/vol1/fastq/ERR791/ERR791910/ERR791910_1.fastq.gz;ftp.sra.ebi.ac.uk/vol1/fastq/ERR791/ERR791910/ERR791910_2.fastq.gz	Pat14_Prim_FFPE
ERR791911	SAMEA3308210	ERX836059	PRJEB8754	Illumina MiSeq	TruSeq Amplicon	ftp.sra.ebi.ac.uk/vol1/fastq/ERR791/ERR791911/ERR791911_1.fastq.gz;ftp.sra.ebi.ac.uk/vol1/fastq/ERR791/ERR791911/ERR791911_2.fastq.gz	Pat12_Meta_Frozen
ERR791915	SAMEA3308214	ERX836063	PRJEB8754	Illumina MiSeq	TruSeq Amplicon	ftp.sra.ebi.ac.uk/vol1/fastq/ERR791/ERR791915/ERR791915_1.fastq.gz;ftp.sra.ebi.ac.uk/vol1/fastq/ERR791/ERR791915/ERR791915_2.fastq.gz	Pat18_Meta_Frozen
ERR791876	SAMEA3308175	ERX836024	PRJEB8754	Illumina MiSeq	TruSeq Amplicon	ftp.sra.ebi.ac.uk/vol1/fastq/ERR791/ERR791876/ERR791876_1.fastq.gz;ftp.sra.ebi.ac.uk/vol1/fastq/ERR791/ERR791876/ERR791876_2.fastq.gz	HT55_Cellline_Frozen
ERR791878	SAMEA3308177	ERX836026	PRJEB8754	Illumina MiSeq	TruSeq Amplicon	ftp.sra.ebi.ac.uk/vol1/fastq/ERR791/ERR791878/ERR791878_1.fastq.gz;ftp.sra.ebi.ac.uk/vol1/fastq/ERR791/ERR791878/ERR791878_2.fastq.gz	Primary-1_Cellline_Frozen
ERR791885	SAMEA3308184	ERX836033	PRJEB8754	Illumina MiSeq	TruSeq Amplicon	ftp.sra.ebi.ac.uk/vol1/fastq/ERR791/ERR791885/ERR791885_1.fastq.gz;ftp.sra.ebi.ac.uk/vol1/fastq/ERR791/ERR791885/ERR791885_2.fastq.gz	Pat14_Meta_Frozen
ERR791887	SAMEA3308186	ERX836035	PRJEB8754	Illumina MiSeq	TruSeq Amplicon	ftp.sra.ebi.ac.uk/vol1/fastq/ERR791/ERR791887/ERR791887_1.fastq.gz;ftp.sra.ebi.ac.uk/vol1/fastq/ERR791/ERR791887/ERR791887_2.fastq.gz	Pat09_Meta_Frozen
ERR791889	SAMEA3308188	ERX836037	PRJEB8754	Illumina MiSeq	TruSeq Amplicon	ftp.sra.ebi.ac.uk/vol1/fastq/ERR791/ERR791889/ERR791889_1.fastq.gz;ftp.sra.ebi.ac.uk/vol1/fastq/ERR791/ERR791889/ERR791889_2.fastq.gz	Pat11_Meta_Frozen
ERR791893	SAMEA3308192	ERX836041	PRJEB8754	Illumina MiSeq	TruSeq Amplicon	ftp.sra.ebi.ac.uk/vol1/fastq/ERR791/ERR791893/ERR791893_1.fastq.gz;ftp.sra.ebi.ac.uk/vol1/fastq/ERR791/ERR791893/ERR791893_2.fastq.gz	Pat01_Meta_FFPE
ERR791894	SAMEA3308193	ERX836042	PRJEB8754	Illumina MiSeq	TruSeq Amplicon	ftp.sra.ebi.ac.uk/vol1/fastq/ERR791/ERR791894/ERR791894_1.fastq.gz;ftp.sra.ebi.ac.uk/vol1/fastq/ERR791/ERR791894/ERR791894_2.fastq.gz	Pat02_Meta_FFPE
ERR791896	SAMEA3308195	ERX836044	PRJEB8754	Illumina MiSeq	TruSeq Amplicon	ftp.sra.ebi.ac.uk/vol1/fastq/ERR791/ERR791896/ERR791896_1.fastq.gz;ftp.sra.ebi.ac.uk/vol1/fastq/ERR791/ERR791896/ERR791896_2.fastq.gz	Pat04_Meta_FFPE
ERR791900	SAMEA3308199	ERX836048	PRJEB8754	Illumina MiSeq	TruSeq Amplicon	ftp.sra.ebi.ac.uk/vol1/fastq/ERR791/ERR791900/ERR791900_1.fastq.gz;ftp.sra.ebi.ac.uk/vol1/fastq/ERR791/ERR791900/ERR791900_2.fastq.gz	Pat06_Meta_FFPE
ERR791901	SAMEA3308200	ERX836049	PRJEB8754	Illumina MiSeq	TruSeq Amplicon	ftp.sra.ebi.ac.uk/vol1/fastq/ERR791/ERR791901/ERR791901_1.fastq.gz;ftp.sra.ebi.ac.uk/vol1/fastq/ERR791/ERR791901/ERR791901_2.fastq.gz	Pat08_Meta_FFPE
ERR791903	SAMEA3308202	ERX836051	PRJEB8754	Illumina MiSeq	TruSeq Amplicon	ftp.sra.ebi.ac.uk/vol1/fastq/ERR791/ERR791903/ERR791903_1.fastq.gz;ftp.sra.ebi.ac.uk/vol1/fastq/ERR791/ERR791903/ERR791903_2.fastq.gz	Pat10_Meta_FFPE
ERR791904	SAMEA3308203	ERX836052	PRJEB8754	Illumina MiSeq	TruSeq Amplicon	ftp.sra.ebi.ac.uk/vol1/fastq/ERR791/ERR791904/ERR791904_1.fastq.gz;ftp.sra.ebi.ac.uk/vol1/fastq/ERR791/ERR791904/ERR791904_2.fastq.gz	Pat10_Prim_FFPE
ERR791906	SAMEA3308205	ERX836054	PRJEB8754	Illumina MiSeq	TruSeq Amplicon	ftp.sra.ebi.ac.uk/vol1/fastq/ERR791/ERR791906/ERR791906_1.fastq.gz;ftp.sra.ebi.ac.uk/vol1/fastq/ERR791/ERR791906/ERR791906_2.fastq.gz	Pat11_Prim_FFPE
ERR791912	SAMEA3308211	ERX836060	PRJEB8754	Illumina MiSeq	TruSeq Amplicon	ftp.sra.ebi.ac.uk/vol1/fastq/ERR791/ERR791912/ERR791912_1.fastq.gz;ftp.sra.ebi.ac.uk/vol1/fastq/ERR791/ERR791912/ERR791912_2.fastq.gz	Pat13-2nd-run_Meta_Frozen
ERR791879	SAMEA3308178	ERX836027	PRJEB8754	Illumina MiSeq	TruSeq Amplicon	ftp.sra.ebi.ac.uk/vol1/fastq/ERR791/ERR791879/ERR791879_1.fastq.gz;ftp.sra.ebi.ac.uk/vol1/fastq/ERR791/ERR791879/ERR791879_2.fastq.gz	Primary-1_Blood_Frozen
ERR791881	SAMEA3308180	ERX836029	PRJEB8754	Illumina MiSeq	TruSeq Amplicon	ftp.sra.ebi.ac.uk/vol1/fastq/ERR791/ERR791881/ERR791881_1.fastq.gz;ftp.sra.ebi.ac.uk/vol1/fastq/ERR791/ERR791881/ERR791881_2.fastq.gz	HS68_Cellline_Frozen
ERR791882	SAMEA3308181	ERX836030	PRJEB8754	Illumina MiSeq	TruSeq Amplicon	ftp.sra.ebi.ac.uk/vol1/fastq/ERR791/ERR791882/ERR791882_1.fastq.gz;ftp.sra.ebi.ac.uk/vol1/fastq/ERR791/ERR791882/ERR791882_2.fastq.gz	SW480_Cellline_Frozen
ERR791884	SAMEA3308183	ERX836032	PRJEB8754	Illumina MiSeq	TruSeq Amplicon	ftp.sra.ebi.ac.uk/vol1/fastq/ERR791/ERR791884/ERR791884_1.fastq.gz;ftp.sra.ebi.ac.uk/vol1/fastq/ERR791/ERR791884/ERR791884_2.fastq.gz	Pat03_Meta_Frozen
ERR791888	SAMEA3308187	ERX836036	PRJEB8754	Illumina MiSeq	TruSeq Amplicon	ftp.sra.ebi.ac.uk/vol1/fastq/ERR791/ERR791888/ERR791888_1.fastq.gz;ftp.sra.ebi.ac.uk/vol1/fastq/ERR791/ERR791888/ERR791888_2.fastq.gz	Pat10_Meta_Frozen
ERR791890	SAMEA3308189	ERX836038	PRJEB8754	Illumina MiSeq	TruSeq Amplicon	ftp.sra.ebi.ac.uk/vol1/fastq/ERR791/ERR791890/ERR791890_1.fastq.gz;ftp.sra.ebi.ac.uk/vol1/fastq/ERR791/ERR791890/ERR791890_2.fastq.gz	Pat13_Meta_Frozen
ERR791892	SAMEA3308191	ERX836040	PRJEB8754	Illumina MiSeq	TruSeq Amplicon	ftp.sra.ebi.ac.uk/vol1/fastq/ERR791/ERR791892/ERR791892_1.fastq.gz;ftp.sra.ebi.ac.uk/vol1/fastq/ERR791/ERR791892/ERR791892_2.fastq.gz	Pat15_Meta_Frozen
ERR791895	SAMEA3308194	ERX836043	PRJEB8754	Illumina MiSeq	TruSeq Amplicon	ftp.sra.ebi.ac.uk/vol1/fastq/ERR791/ERR791895/ERR791895_1.fastq.gz;ftp.sra.ebi.ac.uk/vol1/fastq/ERR791/ERR791895/ERR791895_2.fastq.gz	Pat03_Meta_FFPE
ERR791898	SAMEA3308197	ERX836046	PRJEB8754	Illumina MiSeq	TruSeq Amplicon	ftp.sra.ebi.ac.uk/vol1/fastq/ERR791/ERR791898/ERR791898_1.fastq.gz;ftp.sra.ebi.ac.uk/vol1/fastq/ERR791/ERR791898/ERR791898_2.fastq.gz	Pat05_Meta_FFPE
ERR791902	SAMEA3308201	ERX836050	PRJEB8754	Illumina MiSeq	TruSeq Amplicon	ftp.sra.ebi.ac.uk/vol1/fastq/ERR791/ERR791902/ERR791902_1.fastq.gz;ftp.sra.ebi.ac.uk/vol1/fastq/ERR791/ERR791902/ERR791902_2.fastq.gz	Pat09_Meta_FFPE
ERR791907	SAMEA3308206	ERX836055	PRJEB8754	Illumina MiSeq	TruSeq Amplicon	ftp.sra.ebi.ac.uk/vol1/fastq/ERR791/ERR791907/ERR791907_1.fastq.gz;ftp.sra.ebi.ac.uk/vol1/fastq/ERR791/ERR791907/ERR791907_2.fastq.gz	Pat12_Meta_FFPE
ERR791908	SAMEA3308207	ERX836056	PRJEB8754	Illumina MiSeq	TruSeq Amplicon	ftp.sra.ebi.ac.uk/vol1/fastq/ERR791/ERR791908/ERR791908_1.fastq.gz;ftp.sra.ebi.ac.uk/vol1/fastq/ERR791/ERR791908/ERR791908_2.fastq.gz	Pat13_Meta_FFPE
ERR791909	SAMEA3308208	ERX836057	PRJEB8754	Illumina MiSeq	TruSeq Amplicon	ftp.sra.ebi.ac.uk/vol1/fastq/ERR791/ERR791909/ERR791909_1.fastq.gz;ftp.sra.ebi.ac.uk/vol1/fastq/ERR791/ERR791909/ERR791909_2.fastq.gz	Pat14_Meta_FFPE
ERR791913	SAMEA3308212	ERX836061	PRJEB8754	Illumina MiSeq	TruSeq Amplicon	ftp.sra.ebi.ac.uk/vol1/fastq/ERR791/ERR791913/ERR791913_1.fastq.gz;ftp.sra.ebi.ac.uk/vol1/fastq/ERR791/ERR791913/ERR791913_2.fastq.gz	Pat16_Meta_Frozen
ERR791914	SAMEA3308213	ERX836062	PRJEB8754	Illumina MiSeq	TruSeq Amplicon	ftp.sra.ebi.ac.uk/vol1/fastq/ERR791/ERR791914/ERR791914_1.fastq.gz;ftp.sra.ebi.ac.uk/vol1/fastq/ERR791/ERR791914/ERR791914_2.fastq.gz	Pat17_Meta_Frozen
ERR791916	SAMEA3308215	ERX836064	PRJEB8754	Illumina MiSeq	TruSeq Amplicon	ftp.sra.ebi.ac.uk/vol1/fastq/ERR791/ERR791916/ERR791916_1.fastq.gz;ftp.sra.ebi.ac.uk/vol1/fastq/ERR791/ERR791916/ERR791916_2.fastq.gz	Pat16_Cellline_Frozen
