sample_name	sample_alias	case_id	sample_type	preservation	run_accession	sample_accession	experiment_accession	study_accession	instrument_model	library_name	fastq_ftp
Pat01_Meta_FFPE_ERR791893	Pat01_Meta_FFPE	Pat01	Meta	FFPE	ERR791893	SAMEA3308192	ERX836041	PRJEB8754	Illumina MiSeq	TruSeq Amplicon	ftp.sra.ebi.ac.uk/vol1/fastq/ERR791/ERR791893/ERR791893_1.fastq.gz;ftp.sra.ebi.ac.uk/vol1/fastq/ERR791/ERR791893/ERR791893_2.fastq.gz
Pat01_Meta_Frozen_ERR791883	Pat01_Meta_Frozen	Pat01	Meta	Frozen	ERR791883	SAMEA3308182	ERX836031	PRJEB8754	Illumina MiSeq	TruSeq Amplicon	ftp.sra.ebi.ac.uk/vol1/fastq/ERR791/ERR791883/ERR791883_1.fastq.gz;ftp.sra.ebi.ac.uk/vol1/fastq/ERR791/ERR791883/ERR791883_2.fastq.gz
Pat03_Meta_FFPE_ERR791895	Pat03_Meta_FFPE	Pat03	Meta	FFPE	ERR791895	SAMEA3308194	ERX836043	PRJEB8754	Illumina MiSeq	TruSeq Amplicon	ftp.sra.ebi.ac.uk/vol1/fastq/ERR791/ERR791895/ERR791895_1.fastq.gz;ftp.sra.ebi.ac.uk/vol1/fastq/ERR791/ERR791895/ERR791895_2.fastq.gz
Pat03_Meta_Frozen_ERR791884	Pat03_Meta_Frozen	Pat03	Meta	Frozen	ERR791884	SAMEA3308183	ERX836032	PRJEB8754	Illumina MiSeq	TruSeq Amplicon	ftp.sra.ebi.ac.uk/vol1/fastq/ERR791/ERR791884/ERR791884_1.fastq.gz;ftp.sra.ebi.ac.uk/vol1/fastq/ERR791/ERR791884/ERR791884_2.fastq.gz
Pat04_Meta_FFPE_ERR791896	Pat04_Meta_FFPE	Pat04	Meta	FFPE	ERR791896	SAMEA3308195	ERX836044	PRJEB8754	Illumina MiSeq	TruSeq Amplicon	ftp.sra.ebi.ac.uk/vol1/fastq/ERR791/ERR791896/ERR791896_1.fastq.gz;ftp.sra.ebi.ac.uk/vol1/fastq/ERR791/ERR791896/ERR791896_2.fastq.gz
Pat04_Meta_Frozen_ERR791891	Pat04_Meta_Frozen	Pat04	Meta	Frozen	ERR791891	SAMEA3308190	ERX836039	PRJEB8754	Illumina MiSeq	TruSeq Amplicon	ftp.sra.ebi.ac.uk/vol1/fastq/ERR791/ERR791891/ERR791891_1.fastq.gz;ftp.sra.ebi.ac.uk/vol1/fastq/ERR791/ERR791891/ERR791891_2.fastq.gz
Pat08_Meta_FFPE_ERR791901	Pat08_Meta_FFPE	Pat08	Meta	FFPE	ERR791901	SAMEA3308200	ERX836049	PRJEB8754	Illumina MiSeq	TruSeq Amplicon	ftp.sra.ebi.ac.uk/vol1/fastq/ERR791/ERR791901/ERR791901_1.fastq.gz;ftp.sra.ebi.ac.uk/vol1/fastq/ERR791/ERR791901/ERR791901_2.fastq.gz
Pat08_Meta_Frozen_ERR791886	Pat08_Meta_Frozen	Pat08	Meta	Frozen	ERR791886	SAMEA3308185	ERX836034	PRJEB8754	Illumina MiSeq	TruSeq Amplicon	ftp.sra.ebi.ac.uk/vol1/fastq/ERR791/ERR791886/ERR791886_1.fastq.gz;ftp.sra.ebi.ac.uk/vol1/fastq/ERR791/ERR791886/ERR791886_2.fastq.gz
Pat09_Meta_FFPE_ERR791902	Pat09_Meta_FFPE	Pat09	Meta	FFPE	ERR791902	SAMEA3308201	ERX836050	PRJEB8754	Illumina MiSeq	TruSeq Amplicon	ftp.sra.ebi.ac.uk/vol1/fastq/ERR791/ERR791902/ERR791902_1.fastq.gz;ftp.sra.ebi.ac.uk/vol1/fastq/ERR791/ERR791902/ERR791902_2.fastq.gz
Pat09_Meta_Frozen_ERR791887	Pat09_Meta_Frozen	Pat09	Meta	Frozen	ERR791887	SAMEA3308186	ERX836035	PRJEB8754	Illumina MiSeq	TruSeq Amplicon	ftp.sra.ebi.ac.uk/vol1/fastq/ERR791/ERR791887/ERR791887_1.fastq.gz;ftp.sra.ebi.ac.uk/vol1/fastq/ERR791/ERR791887/ERR791887_2.fastq.gz
Pat10_Meta_FFPE_ERR791903	Pat10_Meta_FFPE	Pat10	Meta	FFPE	ERR791903	SAMEA3308202	ERX836051	PRJEB8754	Illumina MiSeq	TruSeq Amplicon	ftp.sra.ebi.ac.uk/vol1/fastq/ERR791/ERR791903/ERR791903_1.fastq.gz;ftp.sra.ebi.ac.uk/vol1/fastq/ERR791/ERR791903/ERR791903_2.fastq.gz
Pat10_Meta_Frozen_ERR791888	Pat10_Meta_Frozen	Pat10	Meta	Frozen	ERR791888	SAMEA3308187	ERX836036	PRJEB8754	Illumina MiSeq	TruSeq Amplicon	ftp.sra.ebi.ac.uk/vol1/fastq/ERR791/ERR791888/ERR791888_1.fastq.gz;ftp.sra.ebi.ac.uk/vol1/fastq/ERR791/ERR791888/ERR791888_2.fastq.gz
Pat11_Meta_FFPE_ERR791905	Pat11_Meta_FFPE	Pat11	Meta	FFPE	ERR791905	SAMEA3308204	ERX836053	PRJEB8754	Illumina MiSeq	TruSeq Amplicon	ftp.sra.ebi.ac.uk/vol1/fastq/ERR791/ERR791905/ERR791905_1.fastq.gz;ftp.sra.ebi.ac.uk/vol1/fastq/ERR791/ERR791905/ERR791905_2.fastq.gz
Pat11_Meta_Frozen_ERR791889	Pat11_Meta_Frozen	Pat11	Meta	Frozen	ERR791889	SAMEA3308188	ERX836037	PRJEB8754	Illumina MiSeq	TruSeq Amplicon	ftp.sra.ebi.ac.uk/vol1/fastq/ERR791/ERR791889/ERR791889_1.fastq.gz;ftp.sra.ebi.ac.uk/vol1/fastq/ERR791/ERR791889/ERR791889_2.fastq.gz
Pat12_Meta_FFPE_ERR791907	Pat12_Meta_FFPE	Pat12	Meta	FFPE	ERR791907	SAMEA3308206	ERX836055	PRJEB8754	Illumina MiSeq	TruSeq Amplicon	ftp.sra.ebi.ac.uk/vol1/fastq/ERR791/ERR791907/ERR791907_1.fastq.gz;ftp.sra.ebi.ac.uk/vol1/fastq/ERR791/ERR791907/ERR791907_2.fastq.gz
Pat12_Meta_Frozen_ERR791911	Pat12_Meta_Frozen	Pat12	Meta	Frozen	ERR791911	SAMEA3308210	ERX836059	PRJEB8754	Illumina MiSeq	TruSeq Amplicon	ftp.sra.ebi.ac.uk/vol1/fastq/ERR791/ERR791911/ERR791911_1.fastq.gz;ftp.sra.ebi.ac.uk/vol1/fastq/ERR791/ERR791911/ERR791911_2.fastq.gz
Pat13_Meta_FFPE_ERR791908	Pat13_Meta_FFPE	Pat13	Meta	FFPE	ERR791908	SAMEA3308207	ERX836056	PRJEB8754	Illumina MiSeq	TruSeq Amplicon	ftp.sra.ebi.ac.uk/vol1/fastq/ERR791/ERR791908/ERR791908_1.fastq.gz;ftp.sra.ebi.ac.uk/vol1/fastq/ERR791/ERR791908/ERR791908_2.fastq.gz
Pat13-2nd-run_Meta_Frozen_ERR791912	Pat13-2nd-run_Meta_Frozen	Pat13	Meta	Frozen	ERR791912	SAMEA3308211	ERX836060	PRJEB8754	Illumina MiSeq	TruSeq Amplicon	ftp.sra.ebi.ac.uk/vol1/fastq/ERR791/ERR791912/ERR791912_1.fastq.gz;ftp.sra.ebi.ac.uk/vol1/fastq/ERR791/ERR791912/ERR791912_2.fastq.gz
Pat13_Meta_Frozen_ERR791890	Pat13_Meta_Frozen	Pat13	Meta	Frozen	ERR791890	SAMEA3308189	ERX836038	PRJEB8754	Illumina MiSeq	TruSeq Amplicon	ftp.sra.ebi.ac.uk/vol1/fastq/ERR791/ERR791890/ERR791890_1.fastq.gz;ftp.sra.ebi.ac.uk/vol1/fastq/ERR791/ERR791890/ERR791890_2.fastq.gz
Pat14_Meta_FFPE_ERR791909	Pat14_Meta_FFPE	Pat14	Meta	FFPE	ERR791909	SAMEA3308208	ERX836057	PRJEB8754	Illumina MiSeq	TruSeq Amplicon	ftp.sra.ebi.ac.uk/vol1/fastq/ERR791/ERR791909/ERR791909_1.fastq.gz;ftp.sra.ebi.ac.uk/vol1/fastq/ERR791/ERR791909/ERR791909_2.fastq.gz
Pat14_Meta_Frozen_ERR791885	Pat14_Meta_Frozen	Pat14	Meta	Frozen	ERR791885	SAMEA3308184	ERX836033	PRJEB8754	Illumina MiSeq	TruSeq Amplicon	ftp.sra.ebi.ac.uk/vol1/fastq/ERR791/ERR791885/ERR791885_1.fastq.gz;ftp.sra.ebi.ac.uk/vol1/fastq/ERR791/ERR791885/ERR791885_2.fastq.gz
